{"type": "block", "layer": 0, "block": 0, "features": [{"geom": {"pts": [[-4184.160124119524, -8486.863170123574, -13.656424760818481]], "rotateX": 0, "rotateY": 0, "rotateZ": 0, "scale": 2}, "model": 0}], "featureCount": 1, "startIndex": 0}