{"type": "block", "layer": 0, "block": 0, "features": [{"geom": {"pts": [[-249.980020865798, 307.6677179848775, -12.468608140945435]], "rotateX": 0, "rotateY": 0, "rotateZ": 0, "scale": 2}, "model": 0}], "featureCount": 1, "startIndex": 0}